,model,dataset,CF,semantic_mean,semantic_std,relationship_mean,relationship_std
0,MLP0,sanity-3-non-lin,Clue,0.16666666666666666,0.16666666666666666,0.16666666666666666,0.16666666666666666
