,semantic,correct_relationships
0,1.0,1.0
1,1.0,1.0
2,1.0,1.0
3,1.0,1.0
4,1.0,1.0
5,0.6666666666666666,0.6666666666666666
6,0.6666666666666666,0.6666666666666666
7,0.6666666666666666,0.6666666666666666
8,0.6666666666666666,0.6666666666666666
9,0.6666666666666666,0.6666666666666666
