,semantic,correct_relationships
0,0.0,0.0
1,0.0,0.0
2,0.0,0.0
3,0.0,0.0
4,0.0,0.0
5,0.3333333333333333,0.3333333333333333
6,0.3333333333333333,1.0
7,0.3333333333333333,0.3333333333333333
8,1.0,0.3333333333333333
9,0.3333333333333333,0.3333333333333333
