,model,dataset,CF,semantic_mean,semantic_std,relationship_mean,relationship_std
0,linear,sanity-3-lin,Clue,0.16666666666666666,0.16666666666666669,0.16666666666666666,0.16666666666666669
