,model,dataset,CF,semantic_mean,semantic_std,relationship_mean,relationship_std
0,MLP2,sanity-3-lin,wachter,0.1702127659574468,0.17357784752511227,0.16666666666666669,0.16666666666666666
