,model,dataset,CF,semantic_mean,semantic_std,relationship_mean,relationship_std
0,linear0,sanity-3-lin,Cruds,0.16560509554140126,0.16666328583261455,0.16772823779193202,0.16666328583261453
