,model,dataset,CF,semantic_mean,semantic_std,relationship_mean,relationship_std
0,MLP1,sanity-3-lin,wachter,0.16666666666666666,0.16666666666666669,0.16666666666666666,0.16666666666666669
