,model,dataset,CF,semantic_mean,semantic_std,relationship_mean,relationship_std
0,MLP2,sanity-3-lin,Cruds,0.16666666666666663,0.16666666666666666,0.16666666666666663,0.16666666666666666
