,model,dataset,CF,semantic_mean,semantic_std,relationship_mean,relationship_std
0,MLP0,sanity-3-lin,Cruds,0.16296296296296292,0.16662550932151096,0.17037037037037034,0.166625509321511
