,model,dataset,CF,semantic_mean,semantic_std,relationship_mean,relationship_std
0,linear0,credit,Cruds,0.14399999999999993,0.1445567468547369,0.14285714285714282,0.14285714285714285
