,model,dataset,CF,semantic_mean,semantic_std,relationship_mean,relationship_std
0,MLP0,credit,cchvae,0.42529989094874576,0.4285589416046975,0.43184296619411106,0.4285589416046975
