,model,dataset,CF,semantic_mean,semantic_std,relationship_mean,relationship_std
0,MLP0,sanity-3-lin,Clue,0.17630853994490353,0.1871657052502813,0.18457300275482091,0.19615408395501813
