,model,dataset,CF,semantic_mean,semantic_std,relationship_mean,relationship_std
0,linear,credit,Clue,0.1366459627329192,0.14272205333013732,0.1490683229813664,0.14272205333013735
