,model,dataset,CF,semantic_mean,semantic_std,relationship_mean,relationship_std
0,MLP2,credit,Cruds,0.14285714285714288,0.14285714285714285,0.14714285714285716,0.14908564857907985
