,semantic,correct_relationships,model,CF,dataset
0,0.0,0.0,MLP1,Clue,economic
1,0.0,0.0,MLP1,Clue,economic
2,0.0,0.0,MLP1,Clue,economic
3,0.0,0.0,MLP1,Clue,economic
4,0.0,0.18181818181818182,MLP1,Clue,economic
5,0.18181818181818182,0.18181818181818182,MLP1,Clue,economic
6,0.18181818181818182,0.18181818181818182,MLP1,Clue,economic
7,0.18181818181818182,0.18181818181818182,MLP1,Clue,economic
8,0.18181818181818182,0.18181818181818182,MLP1,Clue,economic
