,model,dataset,CF,semantic_mean,semantic_std,relationship_mean,relationship_std
0,MLP0,economic,cchvae,0.09873570138470801,0.10301162466941162,0.10475617098133655,0.10960562117014111
