,model,dataset,CF,semantic_mean,semantic_std,relationship_mean,relationship_std
0,linear0,economic,Cruds,0.09090909090909093,0.09090909090909091,0.09090909090909093,0.09090909090909091
