,semantic,correct_relationships,model,CF,dataset
0,0.0,0.0,MLP,Clue,credit
1,0.0,0.0,MLP,Clue,credit
2,0.0,0.2857142857142857,MLP,Clue,credit
3,0.2857142857142857,0.2857142857142857,MLP,Clue,credit
4,0.2857142857142857,0.2857142857142857,MLP,Clue,credit
