,semantic,correct_relationships,model,CF,dataset
0,0.0,0.0,linear,cchvae,credit
1,0.0,0.0,linear,cchvae,credit
2,0.0,0.0,linear,cchvae,credit
3,0.0,0.0,linear,cchvae,credit
4,0.0,0.0,linear,cchvae,credit
5,0.8571428571428571,0.8571428571428571,linear,cchvae,credit
6,0.8571428571428571,0.8571428571428571,linear,cchvae,credit
7,0.8571428571428571,0.8571428571428571,linear,cchvae,credit
8,0.8571428571428571,0.8571428571428571,linear,cchvae,credit
9,0.8571428571428571,0.8571428571428571,linear,cchvae,credit
