,semantic,correct_relationships,model,CF,dataset
0,0.0,0.0,linear,Cruds,credit
1,0.0,0.0,linear,Cruds,credit
2,0.0,0.0,linear,Cruds,credit
3,0.0,0.0,linear,Cruds,credit
4,0.0,0.0,linear,Cruds,credit
5,0.2857142857142857,0.2857142857142857,linear,Cruds,credit
6,0.2857142857142857,0.2857142857142857,linear,Cruds,credit
7,0.2857142857142857,0.2857142857142857,linear,Cruds,credit
8,0.2857142857142857,0.2857142857142857,linear,Cruds,credit
9,0.2857142857142857,0.2857142857142857,linear,Cruds,credit
