,semantic,correct_relationships
0,0.0,0.0
1,0.0,0.0
2,0.0,0.0
3,0.0,0.0
4,0.0,0.0
5,0.8571428571428571,0.8571428571428571
6,0.8571428571428571,0.8571428571428571
7,0.8571428571428571,0.8571428571428571
8,0.8571428571428571,0.8571428571428571
9,0.8571428571428571,0.8571428571428571
