,model,dataset,CF,semantic_mean,semantic_std,relationship_mean,relationship_std
0,MLP0,credit,Clue,0.14025974025974022,0.1428335281544677,0.14545454545454545,0.14283352815446773
