,model,dataset,CF,semantic_mean,semantic_std,relationship_mean,relationship_std
0,linear,credit,Clue,0.09523809523809523,0.13468700594029476,0.19047619047619047,0.13468700594029476
