,model,dataset,CF,semantic_mean,semantic_std,relationship_mean,relationship_std
0,MLP0,credit,wachter,0.3507853403141361,0.4772158686955327,0.2857142857142856,1.1102230246251565e-16
