,model,dataset,CF,semantic_mean,semantic_std,relationship_mean,relationship_std
0,MLP2,credit,wachter,0.14109347442680775,0.14284625560011702,0.14462081128747795,0.14284625560011702
