,model,dataset,CF,semantic_mean,semantic_std,relationship_mean,relationship_std
0,MLP0,credit,Cruds,0.15485714285714283,0.16981045856111068,0.17599999999999993,0.20653487129592543
