,model,dataset,CF,semantic_mean,semantic_std,relationship_mean,relationship_std
0,MLP0,credit,wachter,0.17129629629629625,0.1993090423695282,0.17063492063492058,0.1986902820177785
