,model,dataset,CF,semantic_mean,semantic_std,relationship_mean,relationship_std
0,linear0,credit,Clue,0.6619718309859155,0.4730381865844131,0.28571428571428553,1.6653345369377348e-16
