,model,dataset,CF,semantic_mean,semantic_std,relationship_mean,relationship_std
0,linear0,credit,Clue,0.1379310344827586,0.14277218469152153,0.14778325123152705,0.14277218469152156
