,model,dataset,CF,semantic_mean,semantic_std,relationship_mean,relationship_std
0,MLP2,credit,cchvae,0.4285714285714284,0.4285714285714286,0.4285714285714284,0.4285714285714286
