,semantic,correct_relationships,model,CF,dataset
0,0.0,0.0,MLP,Cruds,sanity-3-lin
1,0.0,0.0,MLP,Cruds,sanity-3-lin
2,0.0,0.0,MLP,Cruds,sanity-3-lin
3,0.0,0.0,MLP,Cruds,sanity-3-lin
4,0.0,0.0,MLP,Cruds,sanity-3-lin
5,0.0,0.0,MLP,Cruds,sanity-3-lin
6,0.0,0.0,MLP,Cruds,sanity-3-lin
7,0.0,0.0,MLP,Cruds,sanity-3-lin
8,0.0,0.0,MLP,Cruds,sanity-3-lin
9,0.0,0.0,MLP,Cruds,sanity-3-lin
10,0.0,0.0,MLP,Cruds,sanity-3-lin
11,0.0,0.0,MLP,Cruds,sanity-3-lin
12,0.0,0.0,MLP,Cruds,sanity-3-lin
13,0.0,0.0,MLP,Cruds,sanity-3-lin
14,0.0,0.0,MLP,Cruds,sanity-3-lin
15,0.0,0.0,MLP,Cruds,sanity-3-lin
16,0.0,0.0,MLP,Cruds,sanity-3-lin
17,0.0,0.0,MLP,Cruds,sanity-3-lin
18,0.0,0.0,MLP,Cruds,sanity-3-lin
19,0.0,0.0,MLP,Cruds,sanity-3-lin
20,0.0,0.0,MLP,Cruds,sanity-3-lin
21,0.0,0.0,MLP,Cruds,sanity-3-lin
22,0.0,0.0,MLP,Cruds,sanity-3-lin
23,0.0,0.0,MLP,Cruds,sanity-3-lin
24,0.0,0.0,MLP,Cruds,sanity-3-lin
25,0.3333333333333333,0.3333333333333333,MLP,Cruds,sanity-3-lin
26,0.3333333333333333,0.3333333333333333,MLP,Cruds,sanity-3-lin
27,0.3333333333333333,0.3333333333333333,MLP,Cruds,sanity-3-lin
28,0.3333333333333333,0.3333333333333333,MLP,Cruds,sanity-3-lin
29,0.3333333333333333,0.3333333333333333,MLP,Cruds,sanity-3-lin
30,0.3333333333333333,0.3333333333333333,MLP,Cruds,sanity-3-lin
31,0.3333333333333333,0.3333333333333333,MLP,Cruds,sanity-3-lin
32,0.3333333333333333,0.3333333333333333,MLP,Cruds,sanity-3-lin
33,0.3333333333333333,0.3333333333333333,MLP,Cruds,sanity-3-lin
34,0.3333333333333333,0.3333333333333333,MLP,Cruds,sanity-3-lin
35,0.3333333333333333,0.3333333333333333,MLP,Cruds,sanity-3-lin
36,0.3333333333333333,0.3333333333333333,MLP,Cruds,sanity-3-lin
37,0.3333333333333333,0.3333333333333333,MLP,Cruds,sanity-3-lin
38,0.3333333333333333,0.3333333333333333,MLP,Cruds,sanity-3-lin
39,0.3333333333333333,0.3333333333333333,MLP,Cruds,sanity-3-lin
40,0.3333333333333333,0.3333333333333333,MLP,Cruds,sanity-3-lin
41,0.3333333333333333,0.3333333333333333,MLP,Cruds,sanity-3-lin
42,0.3333333333333333,0.3333333333333333,MLP,Cruds,sanity-3-lin
43,0.3333333333333333,0.3333333333333333,MLP,Cruds,sanity-3-lin
44,0.3333333333333333,0.3333333333333333,MLP,Cruds,sanity-3-lin
45,0.3333333333333333,0.3333333333333333,MLP,Cruds,sanity-3-lin
46,0.3333333333333333,0.3333333333333333,MLP,Cruds,sanity-3-lin
47,0.3333333333333333,0.3333333333333333,MLP,Cruds,sanity-3-lin
48,0.3333333333333333,0.3333333333333333,MLP,Cruds,sanity-3-lin
49,0.3333333333333333,0.3333333333333333,MLP,Cruds,sanity-3-lin
