,model,dataset,CF,semantic_mean,semantic_std,relationship_mean,relationship_std
0,MLP1,sanity-3-lin,Clue,0.1966666666666666,0.21651276585406637,0.16666666666666663,0.16666666666666666
