,model,dataset,CF,semantic_mean,semantic_std,relationship_mean,relationship_std
0,MLP2,economic,Cruds,0.08777429467084638,0.09085502662187736,0.0940438871473354,0.09085502662187736
